,RMSE,MAE
construction_bsi_actual,3.0728714934223804,2.636044502258301
base_rate,0.12446030321870107,0.08326798677444458
housing_sale_price,0.3288988570154893,0.19826090335845947
m2_growth,0.38681599328785393,0.28287267684936523
credit_spread,0.08506881507924016,0.05866042524576187
